id;firstname;lastname;fullname;birth_date;gender;code_bi;code_nif;street_address;house_number;location_name;postal_code;main_email;land_phone_number;mobile_phone_number;occupation;preferred_language;username_in_o_auth_2;user_id_in_o_auth_2;custom_attributes_details_json;activation_status;avatar_img;avatar_img_content_type;type_of_person_id
1;lavish nor tremble;while relieved unabashedly;numb hot ha;2024-06-07;FEMALE;evening-wear;huzzah;ecumenist underexpose aw;throughout if yowza;instantly;difficult;"%z@XT.&{#o>D";mid bite yuck;reassuringly;mysteriously young;furth;soot;mattock pfft;pillow marginalize;ACTIVE;../fake-data/blob/hipster.png;image/png;1
2;vaguely;voluntarily unless;blackness divvy embellishment;2024-06-08;FEMALE;grumble unusual unde;beneath;caviar;seriously;quench indeed;relish yo;"_RI]@?X-$:Q.PK2k";versus boast;playfully phras;a;perfe;nourish evidence meh;gaseous immediately;that;INACTIVE;../fake-data/blob/hipster.png;image/png;2
3;palatable following;fireplace;because recess;2024-06-08;FEMALE;while;sans;parody highlight gosh;rectangle glamorous ;until hmph although;cuddly;"U@8q|.-KY,";inside;town er inasmuc;neuron;calor;time afterwards notarise;besides profane fooey;billow above sheath;INACTIVE;../fake-data/blob/hipster.png;image/png;3
4;inside;as per;why round;2024-06-07;MALE;lime;extremely;standard;mechanically;nor;rust clea;"g`@Y.<y9xYu";gullible pish;develop grumpy;heavily shyly correctly;via;wherever rekindle;while frank amid;foolishly pointed;ACTIVE;../fake-data/blob/hipster.png;image/png;4
5;provided quizzically;simple avaricious;godfather who;2024-06-07;OTHER;furiously worst;insecure complete th;incidentally;valiantly astride;behind;clear hmp;"UXC_@|>k{.o%x<j~";courageously id;austere eventua;hmph conk than;plumb;plasticise ah;drat;lodge pledge;ACTIVE;../fake-data/blob/hipster.png;image/png;5
6;diagnosis;duplexer;indeed by supposing;2024-06-07;OTHER;between;itchy;easily during doting;pet metal;expropriate constant;wherever;"a6@(37MGN.$;p<i%";merry;noisily;eventually inasmuch;quizz;voluminous;noisy;macrofauna;BLOCKED;../fake-data/blob/hipster.png;image/png;6
7;male at;notwithstanding astride;sturdy sap from;2024-06-07;MALE;solemnly finally;signup suspension el;myth;unlike er;gah ha after;provided;"8W@2Gf.uD";sometimes rubbe;during positive;outside;insid;impanel;whoa;throughout however focalize;ACTIVE;../fake-data/blob/hipster.png;image/png;7
8;tensely size angelic;annually jaggedly onto;tenderly;2024-06-07;FEMALE;eventually;ugh provided;fondly gadzooks speed;majestically;versus produce;pitching ;"+@/E$.i";furthermore;until chubby ab;purse info;rumor;incidentally eager modulo;that seafood provided;happily taco;INVALID;../fake-data/blob/hipster.png;image/png;8
9;brain wherever;ha instead friendly;although opposite clarity;2024-06-08;OTHER;never in;concertina acclaimed;from;buy;trusty linear;anxiously;"4@B.upS";jealously;highlight among;angrily upon;false;posture textual atop;narrow hence blah;an;INVALID;../fake-data/blob/hipster.png;image/png;9
10;misquote that;underneath whenever aw;ford subtle pish;2024-06-07;MALE;about tinted dandle;package closely spec;to wonderfully inconsequential;disinter;unnecessarily hole despair;reassembl;"u@l.|0q#oA";um sorrow;disdain strip g;bah bug home;aroun;past enormous;competent politely;complement beside bah;ON_HOLD;../fake-data/blob/hipster.png;image/png;10
